"14.12.2020, 17:10:35", "Dirk Test was geht", "2001:16b8:4592:9100:6118:17d1:cb79:f66a", "GET", "/suche.php", "Mozilla/5.0 (Windows NT 6.3; Win64; x64; rv:75.0) Gecko/20100101 Firefox/75.0", "https://www.gzamotors.de/suchen/Dirk+Test+was+geht"
"14.12.2020, 17:10:56", "a b c", "2001:16b8:4592:9100:6118:17d1:cb79:f66a", "GET", "/suche.php", "Mozilla/5.0 (Windows NT 6.3; Win64; x64; rv:75.0) Gecko/20100101 Firefox/75.0", "https://www.gzamotors.de/suchen/Dirk+Test+was+geht"
"14.12.2020, 17:11:11", "a", "2001:16b8:4592:9100:6118:17d1:cb79:f66a", "GET", "/suche.php", "Mozilla/5.0 (Windows NT 6.3; Win64; x64; rv:75.0) Gecko/20100101 Firefox/75.0", "https://www.gzamotors.de/suchen/a+b+c"
"14.12.2020, 17:12:32", "a a", "2001:16b8:4592:9100:6118:17d1:cb79:f66a", "GET", "/suche.php", "Mozilla/5.0 (Windows NT 6.3; Win64; x64; rv:75.0) Gecko/20100101 Firefox/75.0", "https://www.gzamotors.de/suchen/a"
"14.12.2020, 17:13:09", "a a", "2001:16b8:4592:9100:6118:17d1:cb79:f66a", "GET", "/suche.php", "Mozilla/5.0 (Windows NT 6.3; Win64; x64; rv:75.0) Gecko/20100101 Firefox/75.0", "https://www.gzamotors.de/suchen/a+a"
"14.12.2020, 17:14:30", "a a", "2001:16b8:4592:9100:6118:17d1:cb79:f66a", "GET", "/suche.php", "Mozilla/5.0 (Windows NT 6.3; Win64; x64; rv:75.0) Gecko/20100101 Firefox/75.0", "https://www.gzamotors.de/suchen/a+a"
"14.12.2020, 17:14:58", "a a", "2001:16b8:4592:9100:6118:17d1:cb79:f66a", "GET", "/suche.php", "Mozilla/5.0 (Windows NT 6.3; Win64; x64; rv:75.0) Gecko/20100101 Firefox/75.0", "https://www.gzamotors.de/suchen/a+a"
"14.12.2020, 17:19:14", "a a", "2001:16b8:4592:9100:6118:17d1:cb79:f66a", "GET", "/suche.php", "Mozilla/5.0 (Windows NT 6.3; Win64; x64; rv:75.0) Gecko/20100101 Firefox/75.0", "https://www.gzamotors.de/suchen/a+a"
"14.12.2020, 17:44:02", "asd", "78.55.125.15", "GET", "/suche.php", "Mozilla/5.0 (Windows NT 10.0; WOW64) AppleWebKit/537.36 (KHTML, like Gecko) Chrome/87.0.4280.88 Safari/537.36", "https://www.gzamotors.de/"
"14.12.2020, 17:44:06", "motor", "78.55.125.15", "GET", "/suche.php", "Mozilla/5.0 (Windows NT 10.0; WOW64) AppleWebKit/537.36 (KHTML, like Gecko) Chrome/87.0.4280.88 Safari/537.36", "https://www.gzamotors.de/suchen/asd"
"14.12.2020, 18:18:08", "abs steuergerät", "78.55.125.15", "GET", "/suche.php", "Mozilla/5.0 (Windows NT 10.0; WOW64) AppleWebKit/537.36 (KHTML, like Gecko) Chrome/87.0.4280.88 Safari/537.36", "https://www.gzamotors.de/"
"14.12.2020, 18:18:28", "wegfahrsperre", "78.55.125.15", "GET", "/suche.php", "Mozilla/5.0 (Windows NT 10.0; WOW64) AppleWebKit/537.36 (KHTML, like Gecko) Chrome/87.0.4280.88 Safari/537.36", "https://www.gzamotors.de/index"
"14.12.2020, 18:48:46", "dd", "78.55.125.15", "GET", "/suche.php", "Mozilla/5.0 (Windows NT 10.0; WOW64) AppleWebKit/537.36 (KHTML, like Gecko) Chrome/87.0.4280.88 Safari/537.36", "https://www.gzamotors.de/"
"16.12.2020, 11:08:07", "motor", "89.14.184.254", "GET", "/suche.php", "Mozilla/5.0 (Windows NT 10.0; WOW64) AppleWebKit/537.36 (KHTML, like Gecko) Chrome/87.0.4280.88 Safari/537.36", "https://www.gzamotors.de/"
"16.12.2020, 11:08:24", "bmw motor", "89.14.184.254", "GET", "/suche.php", "Mozilla/5.0 (Windows NT 10.0; WOW64) AppleWebKit/537.36 (KHTML, like Gecko) Chrome/87.0.4280.88 Safari/537.36", "https://www.gzamotors.de/index"
"17.12.2020, 09:39:43", "kombiinstrument", "194.230.147.34", "GET", "/suche.php", "Mozilla/5.0 (Windows NT 10.0; Win64; x64) AppleWebKit/537.36 (KHTML, like Gecko) Chrome/86.0.4240.198 Safari/537.36 OPR/72.0.3815.400", "https://www.gzamotors.de/produkte/PKW/Mercedes-Benz"
"18.12.2020, 17:17:13", "0175453232", "185.113.148.235", "GET", "/suche.php", "Mozilla/5.0 (Windows NT 6.1; Win64; x64) AppleWebKit/537.36 (KHTML, like Gecko) Chrome/87.0.4280.88 Safari/537.36", "https://www.gzamotors.de/angebot/PKW/sonstige/motorsteuergeraet-reparatur"
"21.12.2020, 08:39:52", "Rechnung", "2a02:908:4f6:3400:2d1f:b563:a32:3511", "GET", "/suche.php", "Mozilla/5.0 (Windows NT 10.0; Win64; x64) AppleWebKit/537.36 (KHTML, like Gecko) Chrome/87.0.4280.88 Safari/537.36", "https://www.gzamotors.de/anleitung"
"21.12.2020, 08:40:27", "Rechnungstatus abfragen", "2a02:908:4f6:3400:2d1f:b563:a32:3511", "GET", "/suche.php", "Mozilla/5.0 (Windows NT 10.0; Win64; x64) AppleWebKit/537.36 (KHTML, like Gecko) Chrome/87.0.4280.88 Safari/537.36", "https://www.gzamotors.de/suchen/Rechnung"
"23.12.2020, 15:49:08", "Mercedes-S211-W211-SBC-Bremsblock-0044319912-0265250062", "2a02:908:158b:ec0:dc75:508:fcc6:1e42", "GET", "/suche.php", "Mozilla/5.0 (Windows NT 6.1; Win64; x64) AppleWebKit/537.36 (KHTML, like Gecko) Chrome/87.0.4280.88 Safari/537.36", "https://www.gzamotors.de/angebot/PKW/sonstige/abs-esp-dsc-steuergeraet-reparatur"
"28.12.2020, 11:20:20", "status", "88.130.193.183", "GET", "/suche.php", "Mozilla/5.0 (Windows NT 10.0; Win64; x64) AppleWebKit/537.36 (KHTML, like Gecko) Chrome/87.0.4280.88 Safari/537.36", "https://www.gzamotors.de/anleitung"
"28.12.2020, 11:20:56", "reparaturstatus", "88.130.193.183", "GET", "/suche.php", "Mozilla/5.0 (Windows NT 10.0; Win64; x64) AppleWebKit/537.36 (KHTML, like Gecko) Chrome/87.0.4280.88 Safari/537.36", "https://www.gzamotors.de/anleitung"
"29.12.2020, 17:20:58", "test", "2001:16b8:455e:9f00:d097:32d1:bccb:b84b", "GET", "/suche.php", "Mozilla/5.0 (Windows NT 6.3; Win64; x64; rv:75.0) Gecko/20100101 Firefox/75.0", "https://www.gzamotors.de/index"
"31.12.2020, 15:25:13", "1860B155", "2003:d3:2707:a400:84f7:805c:c834:6472", "GET", "/suche.php", "Mozilla/5.0 (Windows NT 6.3; Win64; x64) AppleWebKit/537.36 (KHTML, like Gecko) Chrome/87.0.4280.88 Safari/537.36 OPR/73.0.3856.284", "https://www.gzamotors.de/angebot/PKW/sonstige/motorsteuergeraet-reparatur"
"31.12.2020, 15:28:15", "1860B155", "2003:d3:2707:a400:84f7:805c:c834:6472", "GET", "/suche.php", "Mozilla/5.0 (Windows NT 6.3; Win64; x64) AppleWebKit/537.36 (KHTML, like Gecko) Chrome/87.0.4280.88 Safari/537.36 OPR/73.0.3856.284", "https://www.gzamotors.de/angebot/pkw/Mitsubishi/motorsteuergeraet-reparatur"
"31.12.2020, 15:28:54", "1860B155", "2003:d3:2707:a400:84f7:805c:c834:6472", "GET", "/suche.php", "Mozilla/5.0 (Windows NT 6.3; Win64; x64) AppleWebKit/537.36 (KHTML, like Gecko) Chrome/87.0.4280.88 Safari/537.36 OPR/73.0.3856.284", "https://www.gzamotors.de/angebot/PKW/sonstige/motorsteuergeraet-reparatur"
"04.01.2021, 13:50:37", "53611", "46.21.11.232", "GET", "/suche.php", "Mozilla/5.0 (Windows NT 10.0; Win64; x64; rv:84.0) Gecko/20100101 Firefox/84.0", "https://www.gzamotors.de/impressum"
"06.01.2021, 01:34:19", " ", "2001:16b8:45d7:fb00:b1ae:300:26ba:34da", "GET", "/suche.php", "Mozilla/5.0 (Windows NT 6.3; Win64; x64; rv:75.0) Gecko/20100101 Firefox/75.0", "https://www.gzamotors.de/pkw"
"06.01.2021, 10:59:28", "microcar fehler", "212.95.5.232", "GET", "/suche.php", "Mozilla/5.0 (Windows NT 10.0; Win64; x64) AppleWebKit/537.36 (KHTML, like Gecko) Chrome/87.0.4280.88 Safari/537.36", "https://www.gzamotors.de/pkw"
"06.01.2021, 10:59:46", "microcar diagnose", "212.95.5.232", "GET", "/suche.php", "Mozilla/5.0 (Windows NT 10.0; Win64; x64) AppleWebKit/537.36 (KHTML, like Gecko) Chrome/87.0.4280.88 Safari/537.36", "https://www.gzamotors.de/suchen/microcar+fehler"
"06.01.2021, 11:00:09", "aixam diagnose", "212.95.5.232", "GET", "/suche.php", "Mozilla/5.0 (Windows NT 10.0; Win64; x64) AppleWebKit/537.36 (KHTML, like Gecko) Chrome/87.0.4280.88 Safari/537.36", "https://www.gzamotors.de/suchen/microcar+diagnose"
"06.01.2021, 13:35:51", "status", "178.142.187.254", "GET", "/suche.php", "Mozilla/5.0 (Windows NT 10.0; Win64; x64) AppleWebKit/537.36 (KHTML, like Gecko) Chrome/87.0.4280.88 Safari/537.36 Edg/87.0.664.66", "https://www.gzamotors.de/angebot/PKW/sonstige/motorsteuergeraet-reparatur"
"06.01.2021, 14:43:39", "13586273", "2003:e0:571e:e8a7:4511:1591:6332:a4f7", "GET", "/suche.php", "Mozilla/5.0 (Windows NT 10.0; Win64; x64; rv:84.0) Gecko/20100101 Firefox/84.0", "https://www.gzamotors.de/produkte/PKW/Opel"
"06.01.2021, 16:07:44", "55353231", "2003:d2:9714:8301:bd83:5a8d:6500:f4ea", "GET", "/suche.php", "Mozilla/5.0 (Windows NT 10.0; Win64; x64) AppleWebKit/537.36 (KHTML, like Gecko) Chrome/87.0.4280.88 Safari/537.36 Edg/87.0.664.66", "https://www.gzamotors.de/angebot/pkw/Saab/motorsteuergeraet-reparatur"
"07.01.2021, 09:28:48", "42181", "2a02:908:697:c880:59b5:77b1:2f:d9dc", "GET", "/suche.php", "Mozilla/5.0 (Windows NT 6.1; Win64; x64) AppleWebKit/537.36 (KHTML, like Gecko) Chrome/87.0.4280.88 Safari/537.36", "https://www.gzamotors.de/auftrag/status"
"07.01.2021, 13:17:22", "lenksäule steuergerät", "2a02:560:4292:d000:79ef:5ccb:815a:b625", "GET", "/suche.php", "Mozilla/5.0 (Windows NT 6.1; Win64; x64) AppleWebKit/537.36 (KHTML, like Gecko) Chrome/87.0.4280.88 Safari/537.36", "https://www.gzamotors.de/?gclid=EAIaIQobChMIu6KJiuaJ7gIVCp53Ch3fyQwVEAAYBCAAEgJKAvD_BwE"
"07.01.2021, 16:45:19", "auftragsstatus", "2003:c7:7f11:2800:e9ca:ac6b:e61f:8796", "GET", "/suche.php", "Mozilla/5.0 (Windows NT 10.0; Win64; x64) AppleWebKit/537.36 (KHTML, like Gecko) Chrome/87.0.4280.88 Safari/537.36", "https://www.gzamotors.de/angebot/PKW/sonstige/abs-esp-dsc-steuergeraet-reparatur"
"08.01.2021, 15:54:25", "job", "2003:a:1104:7f00:c849:a79a:645:f4cb", "GET", "/suche.php", "Mozilla/5.0 (Windows NT 10.0; Win64; x64) AppleWebKit/537.36 (KHTML, like Gecko) Chrome/87.0.4280.88 Safari/537.36", "https://www.gzamotors.de/"
"08.01.2021, 15:55:00", "nüro", "2003:a:1104:7f00:c849:a79a:645:f4cb", "GET", "/suche.php", "Mozilla/5.0 (Windows NT 10.0; Win64; x64) AppleWebKit/537.36 (KHTML, like Gecko) Chrome/87.0.4280.88 Safari/537.36", "https://www.gzamotors.de/suchen/job"
"12.01.2021, 11:51:12", "status", "80.228.40.194", "GET", "/suche.php", "Mozilla/5.0 (Windows NT 6.1; Win64; x64) AppleWebKit/537.36 (KHTML, like Gecko) Chrome/87.0.4280.141 Safari/537.36", "https://www.gzamotors.de/anleitung"
"12.01.2021, 11:51:23", "Auftragsstatus", "80.228.40.194", "GET", "/suche.php", "Mozilla/5.0 (Windows NT 6.1; Win64; x64) AppleWebKit/537.36 (KHTML, like Gecko) Chrome/87.0.4280.141 Safari/537.36", "https://www.gzamotors.de/suchen/status"
"13.01.2021, 10:32:33", "55557933", "79.249.48.191", "GET", "/suche.php", "Mozilla/5.0 (Windows NT 10.0; Win64; x64) AppleWebKit/537.36 (KHTML, like Gecko) Chrome/87.0.4280.141 Safari/537.36 Edg/87.0.664.75", "https://www.gzamotors.de/angebot/PKW/Opel/motorsteuergeraet-reparatur"
"13.01.2021, 10:33:14", "55557933", "79.249.48.191", "GET", "/suche.php", "Mozilla/5.0 (Windows NT 10.0; Win64; x64) AppleWebKit/537.36 (KHTML, like Gecko) Chrome/87.0.4280.141 Safari/537.36 Edg/87.0.664.75", "https://www.gzamotors.de/angebot/PKW/Opel/motorsteuergeraet-reparatur"
"13.01.2021, 10:53:11", "42181", "2a02:908:697:c880:84d3:6107:af40:6bf6", "GET", "/suche.php", "Mozilla/5.0 (Windows NT 6.1; Win64; x64) AppleWebKit/537.36 (KHTML, like Gecko) Chrome/87.0.4280.141 Safari/537.36", "https://www.gzamotors.de/anleitung"
"13.01.2021, 14:04:44", "0281010632", "2003:c1:8727:fc00:754f:d93a:b707:3dae", "GET", "/suche.php", "Mozilla/5.0 (Windows NT 10.0; Win64; x64; rv:84.0) Gecko/20100101 Firefox/84.0", "https://www.gzamotors.de/angebot/pkw/Opel/motorsteuergeraet-reparatur"
"14.01.2021, 08:09:58", "status", "80.228.40.194", "GET", "/suche.php", "Mozilla/5.0 (Windows NT 6.1; Win64; x64) AppleWebKit/537.36 (KHTML, like Gecko) Chrome/87.0.4280.141 Safari/537.36", "https://www.gzamotors.de/angebot/PKW/sonstige/motorsteuergeraet-reparatur"
"14.01.2021, 08:10:56", "74382", "80.228.40.194", "GET", "/suche.php", "Mozilla/5.0 (Windows NT 6.1; Win64; x64) AppleWebKit/537.36 (KHTML, like Gecko) Chrome/87.0.4280.141 Safari/537.36", "https://www.gzamotors.de/angebot/PKW/sonstige/motorsteuergeraet-reparatur"
"14.01.2021, 17:55:04", "66107", "2001:16b8:1e3b:e000:bd7d:adbf:49ca:74bb", "GET", "/suche.php", "Mozilla/5.0 (Windows NT 6.3; Win64; x64) AppleWebKit/537.36 (KHTML, like Gecko) Chrome/87.0.4280.141 Safari/537.36 Edg/87.0.664.75", "https://www.gzamotors.de/kontakt_schnell"
"15.01.2021, 08:16:17", "berlin", "188.103.74.102", "GET", "/suche.php", "Mozilla/5.0 (Windows NT 10.0; Win64; x64) AppleWebKit/537.36 (KHTML, like Gecko) Chrome/86.0.4240.193 Safari/537.36 Edg/86.0.622.68", "https://www.gzamotors.de/"
"18.01.2021, 19:41:17", "karriere", "79.140.121.162", "GET", "/suche.php", "Mozilla/5.0 (Windows NT 10.0; Win64; x64) AppleWebKit/537.36 (KHTML, like Gecko) Chrome/87.0.4280.141 Safari/537.36 Edg/87.0.664.75", "https://www.gzamotors.de/index"
"19.01.2021, 10:29:02", "P0204", "193.188.212.211", "GET", "/suche.php", "Mozilla/5.0 (Windows NT 10.0; Win64; x64) AppleWebKit/537.36 (KHTML, like Gecko) Chrome/87.0.4280.141 Safari/537.36 Edg/87.0.664.75", "https://www.gzamotors.de/"
"19.01.2021, 10:34:34", "P0204", "193.188.212.211", "GET", "/suche.php", "Mozilla/5.0 (Windows NT 10.0; Win64; x64) AppleWebKit/537.36 (KHTML, like Gecko) Chrome/87.0.4280.141 Safari/537.36 Edg/87.0.664.75", "https://www.gzamotors.de/"
"19.01.2021, 11:45:38", "8232060020", "217.92.158.36", "GET", "/suche.php", "Mozilla/5.0 (Windows NT 10.0; Win64; x64; rv:84.0) Gecko/20100101 Firefox/84.0", "https://www.gzamotors.de/anleitung"
"19.01.2021, 22:38:34", "jobs", "2003:d2:5f01:3706:a4fc:2de0:77f8:d018", "GET", "/suche.php", "Mozilla/5.0 (Macintosh; Intel Mac OS X 10_15_6) AppleWebKit/605.1.15 (KHTML, like Gecko) Version/14.0 Safari/605.1.15", "https://www.gzamotors.de/index"
"20.01.2021, 12:21:23", "jobs", "2003:e7:6f1b:d483:58f1:d3e2:b14f:c189", "GET", "/suche.php", "Mozilla/5.0 (Windows NT 10.0; Win64; x64; rv:84.0) Gecko/20100101 Firefox/84.0", "https://www.gzamotors.de/index"
"20.01.2021, 16:29:45", "06k907425b", "2003:d2:ef2f:27e1:e967:adfc:326f:4cb6", "GET", "/suche.php", "Mozilla/5.0 (Macintosh; Intel Mac OS X 10_13_6) AppleWebKit/605.1.15 (KHTML, like Gecko) Version/13.1.2 Safari/605.1.15", "https://www.gzamotors.de/angebot/pkw/sonstige/motorsteuergeraet-reparatur?gclid=EAIaIQobChMIivHgvOmq7gIVA4XVCh2asgzyEAAYAyAAEgIaJfD_BwE"
"20.01.2021, 20:12:07", "stellenangebote", "2003:db:4f08:a96e:3179:4fa8:4eed:fdd8", "GET", "/suche.php", "Mozilla/5.0 (Windows NT 10.0; Win64; x64) AppleWebKit/537.36 (KHTML, like Gecko) Chrome/87.0.4280.141 Safari/537.36", "https://www.gzamotors.de/job"
"22.01.2021, 10:06:06", "lf6l189e1b", "46.86.194.199", "GET", "/suche.php", "Mozilla/5.0 (Windows NT 10.0; Win64; x64; rv:84.0) Gecko/20100101 Firefox/84.0", "https://www.gzamotors.de/angebot/pkw/sonstige/getriebe-multitronic-steuergeraet-reparatur"
"22.01.2021, 10:06:47", "lf6l189e1b", "46.86.194.199", "GET", "/suche.php", "Mozilla/5.0 (Windows NT 10.0; Win64; x64; rv:84.0) Gecko/20100101 Firefox/84.0", "https://www.gzamotors.de/angebot/pkw/sonstige/getriebe-multitronic-steuergeraet-reparatur"
"26.01.2021, 08:01:08", "bcm opel", "2a03:7846:832b:101:fd53:a3b:82cf:7287", "GET", "/suche.php", "Mozilla/5.0 (Windows NT 10.0; Win64; x64; rv:84.0) Gecko/20100101 Firefox/84.0", "https://www.gzamotors.de/produkte/PKW/Opel"
"26.01.2021, 08:02:11", "bcm opel", "2a03:7846:832b:101:fd53:a3b:82cf:7287", "GET", "/suche.php", "Mozilla/5.0 (Windows NT 10.0; Win64; x64; rv:84.0) Gecko/20100101 Firefox/84.0", "https://www.gzamotors.de/produkte/PKW/Opel"
"26.01.2021, 11:59:38", "xenon", "178.4.255.239", "GET", "/suche.php", "Mozilla/5.0 (Windows NT 10.0; Win64; x64) AppleWebKit/537.36 (KHTML, like Gecko) Chrome/88.0.4324.96 Safari/537.36 Edg/88.0.705.50", "https://www.gzamotors.de/angebot/PKW/Opel/xenon-steuergeraet-reparatur"
"26.01.2021, 12:00:00", "xenon", "178.4.255.239", "GET", "/suche.php", "Mozilla/5.0 (Windows NT 10.0; Win64; x64) AppleWebKit/537.36 (KHTML, like Gecko) Chrome/88.0.4324.96 Safari/537.36 Edg/88.0.705.50", "https://www.gzamotors.de/angebot/PKW/Opel/xenon-steuergeraet-reparatur"
"27.01.2021, 08:41:51", "Honda Michu komfort", "2a02:2455:da7:6e00:9c2b:255:76ed:a359", "GET", "/suche.php", "Mozilla/5.0 (iPad; CPU OS 12_5_1 like Mac OS X) AppleWebKit/605.1.15 (KHTML, like Gecko) Version/12.1.2 Mobile/15E148 Safari/604.1", "https://www.gzamotors.de/"
"27.01.2021, 08:47:12", "Honda Michu komfort", "2a02:2455:da7:6e00:9c2b:255:76ed:a359", "GET", "/suche.php", "Mozilla/5.0 (iPad; CPU OS 12_5_1 like Mac OS X) AppleWebKit/605.1.15 (KHTML, like Gecko) Version/12.1.2 Mobile/15E148 Safari/604.1", "https://www.gzamotors.de/"
"27.01.2021, 15:58:28", "84599", "2003:c6:af4c:10b6:902e:38d6:94cd:fce8", "GET", "/suche.php", "Mozilla/5.0 (Windows NT 10.0; Win64; x64) AppleWebKit/537.36 (KHTML, like Gecko) Chrome/88.0.4324.96 Safari/537.36 Edg/88.0.705.50", "https://www.gzamotors.de/anleitung"
"27.01.2021, 16:15:25", " ", "2001:16b8:45aa:1a00:8cc5:8114:6ac0:aff3", "GET", "/suche.php", "Mozilla/5.0 (Windows NT 6.3; Win64; x64; rv:75.0) Gecko/20100101 Firefox/75.0", "https://www.gzamotors.de/status"
"01.02.2021, 14:49:00", "34 52 67 65 455", "77.7.47.7", "GET", "/suche.php", "Mozilla/5.0 (Windows NT 10.0; Win64; x64) AppleWebKit/537.36 (KHTML, like Gecko) Chrome/88.0.4324.104 Safari/537.36", "https://www.gzamotors.de/angebot/pkw/sonstige/motorsteuergeraet-reparatur?gclid=Cj0KCQiA6t6ABhDMARIsAONIYyy-muxGPqw9xL2tmS34YHvy8NOEO4ZZtDybqW6msEV39AxPE_LYDpQaAq3-EALw_wcB"
"01.02.2021, 15:35:35", "w124 zündsteuergerät", "2003:ee:ef07:da84:4949:7c13:fce1:4539", "GET", "/suche.php", "Mozilla/5.0 (Windows NT 10.0; Win64; x64) AppleWebKit/537.36 (KHTML, like Gecko) Chrome/88.0.4324.104 Safari/537.36", "https://www.gzamotors.de/?gclid=EAIaIQobChMIkPCBjfTI7gIV0e5RCh20pwrjEAAYBSAAEgLDkvD_BwE"
"02.02.2021, 13:05:44", "35950", "2003:ee:ff24:e400:e19a:2f77:3c10:f96b", "GET", "/suche.php", "Mozilla/5.0 (Windows NT 10.0; Win64; x64; rv:85.0) Gecko/20100101 Firefox/85.0", "https://www.gzamotors.de/"
"02.02.2021, 13:06:11", "35950", "2003:ee:ff24:e400:e19a:2f77:3c10:f96b", "GET", "/suche.php", "Mozilla/5.0 (Windows NT 10.0; Win64; x64; rv:85.0) Gecko/20100101 Firefox/85.0", "https://www.gzamotors.de/"
"03.02.2021, 14:56:12", "statusabfrage", "80.187.102.181", "GET", "/suche.php", "Mozilla/5.0 (Windows NT 10.0; Win64; x64; rv:85.0) Gecko/20100101 Firefox/85.0", "https://www.gzamotors.de/"
"05.02.2021, 10:46:56", "91049", "87.140.62.107", "GET", "/suche.php", "Mozilla/5.0 (Windows NT 6.3; Win64; x64; rv:85.0) Gecko/20100101 Firefox/85.0", "https://www.gzamotors.de/impressum"
"05.02.2021, 10:48:18", "lenkungsteuer", "87.140.62.107", "GET", "/suche.php", "Mozilla/5.0 (Windows NT 6.3; Win64; x64; rv:85.0) Gecko/20100101 Firefox/85.0", "https://www.gzamotors.de/pkw"
"05.02.2021, 13:31:07", "A0001419125", "91.49.26.110", "GET", "/suche.php", "Mozilla/5.0 (Windows NT 6.1; Win64; x64) AppleWebKit/537.36 (KHTML, like Gecko) Chrome/88.0.4324.146 Safari/537.36", "https://www.gzamotors.de/angebot/PKW/Mercedes-Benz/drosselklappen-reparatur"
"17.02.2021, 12:24:14", "P1327", "2003:c1:710:4600:d99:2ed:bfb9:dac4", "GET", "/suche.php", "Mozilla/5.0 (Windows NT 6.1; Win64; x64; rv:85.0) Gecko/20100101 Firefox/85.0", "https://www.gzamotors.de/angebot/pkw/sonstige/unbekanntes-steuergeraet-reparatur"
"17.02.2021, 12:28:49", "P1327", "2003:c1:710:4600:d99:2ed:bfb9:dac4", "GET", "/suche.php", "Mozilla/5.0 (Windows NT 6.1; Win64; x64; rv:85.0) Gecko/20100101 Firefox/85.0", "https://www.gzamotors.de/angebot/pkw/sonstige/unbekanntes-steuergeraet-reparatur"
"18.02.2021, 11:26:02", "auftragverfolgung", "2003:dc:c727:a723:7a:3830:5c2c:45c5", "GET", "/suche.php", "Mozilla/5.0 (Windows NT 10.0; Win64; x64) AppleWebKit/537.36 (KHTML, like Gecko) Chrome/88.0.4324.150 Safari/537.36", "https://www.gzamotors.de/angebot/PKW/sonstige/motorsteuergeraet-reparatur"
"19.02.2021, 15:57:55", "71743", "193.27.220.254", "GET", "/suche.php", "Mozilla/5.0 (Windows NT 10.0; Win64; x64) AppleWebKit/537.36 (KHTML, like Gecko) Chrome/84.0.4147.105 Safari/537.36 Edg/84.0.522.52", "https://www.gzamotors.de/anleitung"
"19.02.2021, 15:58:05", "71743", "193.27.220.254", "GET", "/suche.php", "Mozilla/5.0 (Windows NT 10.0; Win64; x64) AppleWebKit/537.36 (KHTML, like Gecko) Chrome/84.0.4147.105 Safari/537.36 Edg/84.0.522.52", "https://www.gzamotors.de/suchen/71743"
"22.02.2021, 16:38:42", "46564", "93.193.236.153", "GET", "/suche.php", "Mozilla/5.0 (Windows NT 6.1; Win64; x64; rv:85.0) Gecko/20100101 Firefox/85.0", "https://www.gzamotors.de/"
"23.02.2021, 04:00:53", " ", "2001:16b8:457c:b300:b9:cd9b:9eab:53ac", "GET", "/suche.php", "Mozilla/5.0 (Windows NT 6.3; Win64; x64; rv:75.0) Gecko/20100101 Firefox/75.0", "https://www.gzamotors.de/kontakt"
"23.02.2021, 04:01:10", " ", "2001:16b8:457c:b300:b9:cd9b:9eab:53ac", "GET", "/suche.php", "Mozilla/5.0 (Windows NT 6.3; Win64; x64; rv:75.0) Gecko/20100101 Firefox/75.0", "https://www.gzamotors.de/kontakt"
"23.02.2021, 04:02:51", " ", "2001:16b8:457c:b300:b9:cd9b:9eab:53ac", "GET", "/suche.php", "Mozilla/5.0 (Windows NT 6.3; Win64; x64; rv:75.0) Gecko/20100101 Firefox/75.0", "https://www.gzamotors.de/kontakt"
"23.02.2021, 04:03:38", " ", "2001:16b8:457c:b300:b9:cd9b:9eab:53ac", "GET", "/suche.php", "Mozilla/5.0 (Windows NT 6.3; Win64; x64; rv:75.0) Gecko/20100101 Firefox/75.0", "https://www.gzamotors.de/kontakt"
"23.02.2021, 04:05:15", " ", "2001:16b8:457c:b300:b9:cd9b:9eab:53ac", "GET", "/suche.php", "Mozilla/5.0 (Windows NT 6.3; Win64; x64; rv:75.0) Gecko/20100101 Firefox/75.0", ""
"23.02.2021, 04:05:15", " ", "2001:16b8:457c:b300:b9:cd9b:9eab:53ac", "GET", "/suche.php", "Mozilla/5.0 (Windows NT 6.3; Win64; x64; rv:75.0) Gecko/20100101 Firefox/75.0", ""
"23.02.2021, 04:08:25", " ", "2001:16b8:457c:b300:b9:cd9b:9eab:53ac", "GET", "/suche.php", "Mozilla/5.0 (Windows NT 6.3; Win64; x64; rv:75.0) Gecko/20100101 Firefox/75.0", "https://www.gzamotors.de/kontakt"
"23.02.2021, 04:12:54", " ", "2001:16b8:457c:b300:b9:cd9b:9eab:53ac", "GET", "/suche.php", "Mozilla/5.0 (Windows NT 6.3; Win64; x64; rv:75.0) Gecko/20100101 Firefox/75.0", "https://www.gzamotors.de/kontakt"
"23.02.2021, 04:14:02", " ", "2001:16b8:457c:b300:b9:cd9b:9eab:53ac", "GET", "/suche.php", "Mozilla/5.0 (Windows NT 6.3; Win64; x64; rv:75.0) Gecko/20100101 Firefox/75.0", "https://www.gzamotors.de/kontakt"
"23.02.2021, 04:14:38", " ", "2001:16b8:457c:b300:b9:cd9b:9eab:53ac", "GET", "/suche.php", "Mozilla/5.0 (Windows NT 6.3; Win64; x64; rv:75.0) Gecko/20100101 Firefox/75.0", ""
"23.02.2021, 04:14:38", " ", "2001:16b8:457c:b300:b9:cd9b:9eab:53ac", "GET", "/suche.php", "Mozilla/5.0 (Windows NT 6.3; Win64; x64; rv:75.0) Gecko/20100101 Firefox/75.0", ""
"23.02.2021, 04:16:30", " ", "2001:16b8:457c:b300:b9:cd9b:9eab:53ac", "GET", "/suche.php", "Mozilla/5.0 (Windows NT 6.3; Win64; x64; rv:75.0) Gecko/20100101 Firefox/75.0", "https://www.gzamotors.de/kontakt"
"23.02.2021, 04:17:12", " ", "2001:16b8:457c:b300:b9:cd9b:9eab:53ac", "GET", "/suche.php", "Mozilla/5.0 (Windows NT 6.3; Win64; x64; rv:75.0) Gecko/20100101 Firefox/75.0", "https://www.gzamotors.de/kontakt"
"23.02.2021, 04:19:24", " ", "2001:16b8:457c:b300:b9:cd9b:9eab:53ac", "GET", "/suche.php", "Mozilla/5.0 (Windows NT 6.3; Win64; x64; rv:75.0) Gecko/20100101 Firefox/75.0", "https://www.gzamotors.de/kontakt"
"23.02.2021, 04:21:24", " ", "2001:16b8:457c:b300:b9:cd9b:9eab:53ac", "GET", "/suche.php", "Mozilla/5.0 (Windows NT 6.3; Win64; x64; rv:75.0) Gecko/20100101 Firefox/75.0", "https://www.gzamotors.de/kontakt"
"23.02.2021, 04:22:43", " ", "2001:16b8:457c:b300:b9:cd9b:9eab:53ac", "GET", "/suche.php", "Mozilla/5.0 (Windows NT 6.3; Win64; x64; rv:75.0) Gecko/20100101 Firefox/75.0", "https://www.gzamotors.de/kontakt"
"23.02.2021, 04:23:45", " ", "2001:16b8:457c:b300:b9:cd9b:9eab:53ac", "GET", "/suche.php", "Mozilla/5.0 (Windows NT 6.3; Win64; x64; rv:75.0) Gecko/20100101 Firefox/75.0", "https://www.gzamotors.de/kontakt"
"23.02.2021, 04:36:29", " ", "2001:16b8:457c:b300:b9:cd9b:9eab:53ac", "GET", "/suche.php", "Mozilla/5.0 (Windows NT 6.3; Win64; x64; rv:75.0) Gecko/20100101 Firefox/75.0", "https://www.gzamotors.de/kontakt"
"24.02.2021, 18:59:48", " ", "2001:16b8:45d4:2e00:b5f0:318:4108:249a", "GET", "/suche.php", "Mozilla/5.0 (Windows NT 6.3; Win64; x64; rv:75.0) Gecko/20100101 Firefox/75.0", "https://www.gzamotors.de/index"
"25.02.2021, 13:16:56", "Sitzheizung", "2003:d3:d73a:9729:f1b3:53b5:4d61:7d74", "GET", "/suche.php", "Mozilla/5.0 (Windows NT 10.0; Win64; x64; rv:85.0) Gecko/20100101 Firefox/85.0", "https://www.gzamotors.de/angebot/pkw/opel/unbekanntes-steuergeraet-reparatur"
"25.02.2021, 17:04:36", "statusabfrage", "217.86.134.92", "GET", "/suche.php", "Mozilla/5.0 (Windows NT 10.0; WOW64; Trident/7.0; rv:11.0) like Gecko", "https://www.gzamotors.de/anleitung"
"25.02.2021, 17:05:09", "status", "217.86.134.92", "GET", "/suche.php", "Mozilla/5.0 (Windows NT 10.0; WOW64; Trident/7.0; rv:11.0) like Gecko", "https://www.gzamotors.de/suchen/statusabfrage"
"25.02.2021, 17:05:09", "status", "217.86.134.92", "GET", "/suche.php", "Mozilla/5.0 (Windows NT 10.0; WOW64; Trident/7.0; rv:11.0) like Gecko", "https://www.gzamotors.de/suchen/statusabfrage"
"26.02.2021, 12:42:35", "83412", "2003:cc:7715:cc00:d823:ec7f:f209:3b96", "GET", "/suche.php", "Mozilla/5.0 (Windows NT 10.0; Win64; x64; rv:86.0) Gecko/20100101 Firefox/86.0", "https://www.gzamotors.de/angebot/PKW/sonstige/motorsteuergeraet-reparatur"
"26.02.2021, 12:43:11", "auftragsstatus", "2003:cc:7715:cc00:d823:ec7f:f209:3b96", "GET", "/suche.php", "Mozilla/5.0 (Windows NT 10.0; Win64; x64; rv:86.0) Gecko/20100101 Firefox/86.0", "https://www.gzamotors.de/angebot/PKW/sonstige/motorsteuergeraet-reparatur"
"01.03.2021, 09:36:14", "85526", "2003:ce:9f26:dd9e:b403:cf64:d551:a52d", "GET", "/suche.php", "Mozilla/5.0 (Windows NT 10.0; Win64; x64) AppleWebKit/537.36 (KHTML, like Gecko) Chrome/88.0.4324.182 Safari/537.36 Edg/88.0.705.81", "https://www.gzamotors.de/"
"01.03.2021, 16:38:57", "berlin", "91.205.36.179", "GET", "/suche.php", "Mozilla/5.0 (Windows NT 10.0; Win64; x64) AppleWebKit/537.36 (KHTML, like Gecko) Chrome/87.0.4280.141 Safari/537.36", "https://www.gzamotors.de/anleitung"
"01.03.2021, 16:41:28", "berlin", "91.205.36.179", "GET", "/suche.php", "Mozilla/5.0 (Windows NT 10.0; Win64; x64) AppleWebKit/537.36 (KHTML, like Gecko) Chrome/87.0.4280.141 Safari/537.36", "https://www.gzamotors.de/anleitung"
"03.03.2021, 15:56:17", "TIPM", "193.22.32.200", "GET", "/suche.php", "Mozilla/5.0 (Windows NT 10.0; Win64; x64) AppleWebKit/537.36 (KHTML, like Gecko) Chrome/87.0.4280.141 Safari/537.36", "https://www.gzamotors.de/angebot/pkw/sonstige/unbekanntes-steuergeraet-reparatur"
"03.03.2021, 15:56:44", "TIPM", "193.22.32.200", "GET", "/suche.php", "Mozilla/5.0 (Windows NT 10.0; Win64; x64) AppleWebKit/537.36 (KHTML, like Gecko) Chrome/87.0.4280.141 Safari/537.36", "https://www.gzamotors.de/suchen/TIPM"
"03.03.2021, 15:57:10", "68289247", "193.22.32.200", "GET", "/suche.php", "Mozilla/5.0 (Windows NT 10.0; Win64; x64) AppleWebKit/537.36 (KHTML, like Gecko) Chrome/87.0.4280.141 Safari/537.36", "https://www.gzamotors.de/pkw"
"03.03.2021, 15:57:37", "68289247", "193.22.32.200", "GET", "/suche.php", "Mozilla/5.0 (Windows NT 10.0; Win64; x64) AppleWebKit/537.36 (KHTML, like Gecko) Chrome/87.0.4280.141 Safari/537.36", "https://www.gzamotors.de/pkw"
"03.03.2021, 15:57:41", "TIPM", "193.22.32.200", "GET", "/suche.php", "Mozilla/5.0 (Windows NT 10.0; Win64; x64) AppleWebKit/537.36 (KHTML, like Gecko) Chrome/87.0.4280.141 Safari/537.36", "https://www.gzamotors.de/suchen/TIPM"
"03.03.2021, 15:57:42", "TIPM", "193.22.32.200", "GET", "/suche.php", "Mozilla/5.0 (Windows NT 10.0; Win64; x64) AppleWebKit/537.36 (KHTML, like Gecko) Chrome/87.0.4280.141 Safari/537.36", "https://www.gzamotors.de/angebot/pkw/sonstige/unbekanntes-steuergeraet-reparatur"
"03.03.2021, 16:42:16", "7H0937049AE", "2003:d5:a726:2700:ec26:71c1:fb58:9c15", "GET", "/suche.php", "Mozilla/5.0 (Windows NT 10.0; Win64; x64) AppleWebKit/537.36 (KHTML, like Gecko) Chrome/88.0.4324.182 Safari/537.36 Edg/88.0.705.81", "https://www.gzamotors.de/angebot/PKW/sonstige/motorsteuergeraet-reparatur"
"04.03.2021, 16:27:35", "61092", "87.161.158.145", "GET", "/suche.php", "Mozilla/5.0 (Windows NT 10.0; Win64; x64) AppleWebKit/537.36 (KHTML, like Gecko) Chrome/88.0.4324.190 Safari/537.36", "https://www.gzamotors.de/"
"05.03.2021, 08:26:59", "Status", "217.92.158.36", "GET", "/suche.php", "Mozilla/5.0 (Windows NT 10.0; Win64; x64; rv:86.0) Gecko/20100101 Firefox/86.0", "https://www.gzamotors.de/anleitung"
"05.03.2021, 08:27:33", "84848", "217.92.158.36", "GET", "/suche.php", "Mozilla/5.0 (Windows NT 10.0; Win64; x64; rv:86.0) Gecko/20100101 Firefox/86.0", "https://www.gzamotors.de/anleitung"
"05.03.2021, 08:29:03", "Staus", "217.92.158.36", "GET", "/suche.php", "Mozilla/5.0 (Windows NT 10.0; Win64; x64; rv:86.0) Gecko/20100101 Firefox/86.0", "https://www.gzamotors.de/anleitung"
"05.03.2021, 08:29:28", "Status", "217.92.158.36", "GET", "/suche.php", "Mozilla/5.0 (Windows NT 10.0; Win64; x64; rv:86.0) Gecko/20100101 Firefox/86.0", "https://www.gzamotors.de/suchen/Staus"
"05.03.2021, 08:44:11", "Statusabfrage", "217.92.158.36", "GET", "/suche.php", "Mozilla/5.0 (Windows NT 10.0; Win64; x64; rv:86.0) Gecko/20100101 Firefox/86.0", "https://www.gzamotors.de/index"
"05.03.2021, 10:25:09", "95384", "2a02:8070:21bd:d900:85f9:640e:7aca:e153", "GET", "/suche.php", "Mozilla/5.0 (Windows NT 6.1; Win64; x64; rv:86.0) Gecko/20100101 Firefox/86.0", "https://www.gzamotors.de/kontakt_schnell"
"05.03.2021, 14:13:53", "60578", "2003:d2:f14:1100:c5b9:464d:9d86:68e2", "GET", "/suche.php", "Mozilla/5.0 (Windows NT 10.0; Win64; x64; rv:86.0) Gecko/20100101 Firefox/86.0", "https://www.gzamotors.de/"
"05.03.2021, 17:48:01", " ", "2001:16b8:457b:6900:8d63:902d:1833:4f8c", "GET", "/suche.php", "Mozilla/5.0 (Windows NT 6.3; Win64; x64; rv:75.0) Gecko/20100101 Firefox/75.0", "https://www.gzamotors.de/auftrag/abgeschlossen"
"08.03.2021, 11:23:01", "Status", "2003:db:7706:41a1:7ca1:dccd:aa99:cb0d", "GET", "/suche.php", "Mozilla/5.0 (Windows NT 6.1; Win64; x64; rv:78.0) Gecko/20100101 Firefox/78.0", "https://www.gzamotors.de/anleitung"
"08.03.2021, 11:26:36", "login", "2003:db:7706:41a1:7ca1:dccd:aa99:cb0d", "GET", "/suche.php", "Mozilla/5.0 (Windows NT 6.1; Win64; x64; rv:78.0) Gecko/20100101 Firefox/78.0", "https://www.gzamotors.de/anleitung"
"08.03.2021, 15:24:36", "Abs", "89.247.126.238", "GET", "/suche.php", "Mozilla/5.0 (Linux; Android 8.1.0; P1061X) AppleWebKit/537.36 (KHTML, like Gecko) Chrome/88.0.4324.181 Safari/537.36", "https://www.gzamotors.de/angebot/Motorrad/Suzuki/pumpensteuergeraet-reparatur"
"08.03.2021, 15:25:25", "Abs", "89.247.126.238", "GET", "/suche.php", "Mozilla/5.0 (Linux; Android 8.1.0; P1061X) AppleWebKit/537.36 (KHTML, like Gecko) Chrome/88.0.4324.181 Safari/537.36", "https://www.gzamotors.de/angebot/Motorrad/Suzuki/pumpensteuergeraet-reparatur"
"09.03.2021, 17:21:51", "getriebesteuergerät citroensensodrive pluriel", "2a01:c23:c065:6c00:64b7:92db:5cb8:8327", "GET", "/suche.php", "Mozilla/5.0 (iPad; CPU OS 13_1_2 like Mac OS X) AppleWebKit/605.1.15 (KHTML, like Gecko) Version/13.0.1 Mobile/15E148 Safari/604.1", "https://www.gzamotors.de/angebot/pkw/sonstige/getriebe-multitronic-steuergeraet-reparatur?gclid=EAIaIQobChMIm5298L-j7wIVQQGLCh0z2QrgEAMYASAAEgIk7PD_BwE"
"09.03.2021, 17:47:27", "jobangebote", "2a02:8109:a4bf:fc80:64de:6200:49bb:e7ef", "GET", "/suche.php", "Mozilla/5.0 (Windows NT 10.0) AppleWebKit/537.36 (KHTML, like Gecko) Chrome/89.0.4389.72 Safari/537.36 Edg/89.0.774.45", "https://www.gzamotors.de/kontakt"
"09.03.2021, 17:49:02", "bürohilfe", "2a02:8109:a4bf:fc80:64de:6200:49bb:e7ef", "GET", "/suche.php", "Mozilla/5.0 (Windows NT 10.0) AppleWebKit/537.36 (KHTML, like Gecko) Chrome/89.0.4389.72 Safari/537.36 Edg/89.0.774.45", "https://www.gzamotors.de/suchen/jobangebote"
"12.03.2021, 14:00:28", "2308300185", "46.84.126.172", "GET", "/suche.php", "Mozilla/5.0 (Windows NT 10.0; Win64; x64) AppleWebKit/537.36 (KHTML, like Gecko) Chrome/89.0.4389.82 Safari/537.36 Edg/89.0.774.50", "https://www.gzamotors.de/produkte/PKW/Mercedes-Benz"
"13.03.2021, 09:40:01", "61542", "2003:dc:df2a:fd00:88c0:2ef9:4b24:e55f", "GET", "/suche.php", "Mozilla/5.0 (Windows NT 10.0; Win64; x64; rv:86.0) Gecko/20100101 Firefox/86.0", "https://www.gzamotors.de/anleitung"
"15.03.2021, 10:05:15", "61542", "2003:dc:df3a:a00:2c95:130b:350e:8569", "GET", "/suche.php", "Mozilla/5.0 (Windows NT 10.0; Win64; x64; rv:86.0) Gecko/20100101 Firefox/86.0", "https://www.gzamotors.de/anleitung"
"16.03.2021, 10:55:18", "Spurwechselassistent 23173663", "2001:16b8:1857:3e00:51fd:5fed:87ce:b0de", "GET", "/suche.php", "Mozilla/5.0 (Windows NT 10.0; Win64; x64) AppleWebKit/537.36 (KHTML, like Gecko) Chrome/89.0.4389.90 Safari/537.36 Edg/89.0.774.54", "https://www.gzamotors.de/produkte/PKW/Opel"
"16.03.2021, 13:28:20", "status", "193.24.32.33", "GET", "/suche.php", "Mozilla/5.0 (Windows NT 10.0; WOW64; Trident/7.0; rv:11.0) like Gecko", "https://www.gzamotors.de/status"
"16.03.2021, 13:28:55", "status", "193.24.32.33", "GET", "/suche.php", "Mozilla/5.0 (Windows NT 10.0; WOW64; Trident/7.0; rv:11.0) like Gecko", "https://www.gzamotors.de/status"
"17.03.2021, 11:12:01", "Statusabfrage", "2003:dd:7f06:bf63:45e4:4ed5:4b37:de43", "GET", "/suche.php", "Mozilla/5.0 (Windows NT 6.1; Win64; x64; rv:84.0) Gecko/20100101 Firefox/84.0", "https://www.gzamotors.de/anleitung"
"18.03.2021, 09:35:21", "display", "2003:a:1022:e600:3d07:a792:46cf:2dd", "GET", "/suche.php", "Mozilla/5.0 (Windows NT 10.0; Win64; x64) AppleWebKit/537.36 (KHTML, like Gecko) Chrome/89.0.4389.90 Safari/537.36", "https://www.gzamotors.de/angebot/PKW/VW/abs-esp-dsc-steuergeraet-reparatur"
"18.03.2021, 15:24:24", "55562974", "77.182.191.170", "GET", "/suche.php", "Mozilla/5.0 (Windows NT 10.0; Win64; x64) AppleWebKit/537.36 (KHTML, like Gecko) Chrome/89.0.4389.82 Safari/537.36", "https://www.gzamotors.de/angebot/pkw/sonstige/getriebe-multitronic-steuergeraet-reparatur?gclid=CjwKCAjw9MuCBhBUEiwAbDZ-7kFRUzWDgF4NWLfN2daKk4y7_Wxgv9uSUnSeu9hLXI6kXkYVP5UyoBoCQVEQAvD_BwE"
"18.03.2021, 15:43:24", "Claas Celtis 456 Motorsteuergerät", "5.231.168.195", "GET", "/suche.php", "Mozilla/5.0 (Windows NT 6.3; Win64; x64; rv:86.0) Gecko/20100101 Firefox/86.0", "https://www.gzamotors.de/angebot/pkw/Renault/motorsteuergeraet-reparatur"
"18.03.2021, 15:46:54", "Claas Celtis 456 Motorsteuergerät", "5.231.168.195", "GET", "/suche.php", "Mozilla/5.0 (Windows NT 6.3; Win64; x64; rv:86.0) Gecko/20100101 Firefox/86.0", "https://www.gzamotors.de/angebot/pkw/Renault/motorsteuergeraet-reparatur"
"18.03.2021, 16:23:04", "bewertung", "2003:dc:df3a:a00:6c25:a331:1189:35b5", "GET", "/suche.php", "Mozilla/5.0 (Windows NT 10.0; Win64; x64; rv:86.0) Gecko/20100101 Firefox/86.0", "https://www.gzamotors.de/index"
"18.03.2021, 16:23:35", "bewertung", "2003:dc:df3a:a00:6c25:a331:1189:35b5", "GET", "/suche.php", "Mozilla/5.0 (Windows NT 10.0; Win64; x64; rv:86.0) Gecko/20100101 Firefox/86.0", "https://www.gzamotors.de/index"
"19.03.2021, 10:37:12", "98965", "80.228.24.42", "GET", "/suche.php", "Mozilla/5.0 (Windows NT 6.1; Win64; x64; Trident/7.0; MASBJS; rv:11.0) like Gecko", "https://www.gzamotors.de/anleitung"
"23.03.2021, 15:45:07", "A 0004665789", "82.212.15.41", "GET", "/suche.php", "Mozilla/5.0 (Windows NT 10.0; Win64; x64) AppleWebKit/537.36 (KHTML, like Gecko) Chrome/88.0.4324.190 Safari/537.36", "https://www.gzamotors.de/angebot/PKW/Mercedes-Benz/abs-esp-dsc-steuergeraet-reparatur"
"24.03.2021, 11:57:25", "status", "217.236.217.51", "GET", "/suche.php", "Mozilla/5.0 (Windows NT 6.1; Win64; x64) AppleWebKit/537.36 (KHTML, like Gecko) Chrome/89.0.4389.90 Safari/537.36", "https://www.gzamotors.de/"
"24.03.2021, 21:38:32", "status", "2a02:6d40:3bc5:f601:8525:9409:dd24:666c", "GET", "/suche.php", "Mozilla/5.0 (Windows NT 10.0; Win64; x64; rv:86.0) Gecko/20100101 Firefox/86.0", "https://www.gzamotors.de/angebot/pkw/Mercedes-Benz/abs-esp-dsc-steuergeraet-reparatur"
"25.03.2021, 15:18:32", "Auftrags Nr. 74444", "2001:1715:4e3f:ba91:25b6:c896:19b7:9fff", "GET", "/suche.php", "Mozilla/5.0 (Windows NT 10.0; Win64; x64) AppleWebKit/537.36 (KHTML, like Gecko) Chrome/89.0.4389.90 Safari/537.36", "https://www.gzamotors.de/angebot/PKW/sonstige/motorsteuergeraet-reparatur"
"26.03.2021, 08:12:39", "97535", "2003:d1:9f1d:b503:9948:5d9:a543:6bff", "GET", "/suche.php", "Mozilla/5.0 (Windows NT 10.0; Win64; x64) AppleWebKit/537.36 (KHTML, like Gecko) Chrome/89.0.4389.90 Safari/537.36 Edg/89.0.774.57", "https://www.gzamotors.de/anleitung"
"26.03.2021, 18:09:12", "Steuergerät Bordnetz", "2001:16b8:664a:e700:15e0:d9b7:264b:302f", "GET", "/suche.php", "Mozilla/5.0 (Windows NT 10.0; Win64; x64) AppleWebKit/537.36 (KHTML, like Gecko) Chrome/89.0.4389.90 Safari/537.36", "https://www.gzamotors.de/angebot/PKW/Kia/motorsteuergeraet-reparatur"
"27.03.2021, 10:33:59", "auftrag", "85.212.135.166", "GET", "/suche.php", "Mozilla/4.0 (compatible; MSIE 7.0; Windows NT 10.0; WOW64; Trident/7.0; .NET4.0C; .NET4.0E; .NET CLR 2.0.50727; .NET CLR 3.0.30729; .NET CLR 3.5.30729)", "https://www.gzamotors.de/auftrag/aktualisieren/43467/1d4ed7283028c9aeda30695cc5552cec311310e47013c9c07fbe27df4a49933c"
"29.03.2021, 16:22:37", "19186", "2003:f8:af0c:ecbc:3c7a:9590:b07c:4fcf", "GET", "/suche.php", "Mozilla/5.0 (Windows NT 10.0) AppleWebKit/537.36 (KHTML, like Gecko) Chrome/89.0.4389.90 Safari/537.36", "https://www.gzamotors.de/anleitung"
"30.03.2021, 17:21:29", "man tgl kombiinstrument", "88.217.77.33", "GET", "/suche.php", "Mozilla/5.0 (Windows NT 10.0; Win64; x64) AppleWebKit/537.36 (KHTML, like Gecko) Chrome/89.0.4389.90 Safari/537.36", "https://www.gzamotors.de/produkte/LKW/MAN"
"31.03.2021, 11:48:39", "0261200412", "95.114.46.82", "GET", "/suche.php", "Mozilla/5.0 (Windows NT 10.0; Win64; x64) AppleWebKit/537.36 (KHTML, like Gecko) Chrome/88.0.4324.192 Safari/537.36 OPR/74.0.3911.218", "https://www.gzamotors.de/angebot/pkw/sonstige/motorsteuergeraet-reparatur?gclid=EAIaIQobChMIlpSwj6Da7wIVyuR3Ch3Eigu4EAAYASAAEgLQHfD_BwE"
"31.03.2021, 13:45:51", "mein steuerteil", "77.191.214.102", "GET", "/suche.php", "Mozilla/5.0 (Windows NT 10.0; Win64; x64) AppleWebKit/537.36 (KHTML, like Gecko) Chrome/89.0.4389.90 Safari/537.36", "https://www.gzamotors.de/status"
"01.04.2021, 11:25:05", "statusabfrage", "2003:c3:4f28:5c00:e928:cde:c776:d0c7", "GET", "/suche.php", "Mozilla/5.0 (Windows NT 10.0; Win64; x64) AppleWebKit/537.36 (KHTML, like Gecko) Chrome/89.0.4389.90 Safari/537.36", "https://www.gzamotors.de/?status="
"01.04.2021, 11:26:55", "status", "2003:c3:4f28:5c00:e928:cde:c776:d0c7", "GET", "/suche.php", "Mozilla/5.0 (Windows NT 10.0; Win64; x64) AppleWebKit/537.36 (KHTML, like Gecko) Chrome/89.0.4389.90 Safari/537.36", "https://www.gzamotors.de/?status="
"02.04.2021, 15:47:33", "8200278376", "2.206.157.217", "GET", "/suche.php", "Mozilla/5.0 (Windows NT 10.0; Win64; x64) AppleWebKit/537.36 (KHTML, like Gecko) Chrome/89.0.4389.90 Safari/537.36 Edg/89.0.774.63", "https://www.gzamotors.de/angebot/pkw/renault/unbekanntes-steuergeraet-reparatur"
"02.04.2021, 15:49:43", "8200278376", "2.206.157.217", "GET", "/suche.php", "Mozilla/5.0 (Windows NT 10.0; Win64; x64) AppleWebKit/537.36 (KHTML, like Gecko) Chrome/89.0.4389.90 Safari/537.36 Edg/89.0.774.63", "https://www.gzamotors.de/angebot/pkw/renault/unbekanntes-steuergeraet-reparatur"
"04.04.2021, 23:40:05", "autotronic", "188.74.3.174", "GET", "/suche.php", "Mozilla/5.0 (Windows NT 10.0; Win64; x64; rv:87.0) Gecko/20100101 Firefox/87.0", "https://www.gzamotors.de/landmaschine"
"06.04.2021, 11:05:33", "auftragsnummer", "88.217.75.169", "GET", "/suche.php", "Mozilla/5.0 (Windows NT 10.0; Win64; x64) AppleWebKit/537.36 (KHTML, like Gecko) Chrome/89.0.4389.114 Safari/537.36", "https://www.gzamotors.de/anleitung"
"06.04.2021, 12:38:35", "statusabfrage", "88.217.75.169", "GET", "/suche.php", "Mozilla/5.0 (Windows NT 10.0; Win64; x64) AppleWebKit/537.36 (KHTML, like Gecko) Chrome/89.0.4389.114 Safari/537.36", "https://www.gzamotors.de/anleitung"
"06.04.2021, 14:50:22", "1J0909603", "2003:cc:3f19:2a00:a5:a630:20a2:1292", "GET", "/suche.php", "Mozilla/5.0 (Windows NT 10.0; Win64; x64; rv:87.0) Gecko/20100101 Firefox/87.0", "https://www.gzamotors.de/angebot/pkw/sonstige/airbag-steuergeraet-reparatur?gclid=CjwKCAjwjbCDBhAwEiwAiudBy4NMFEwPygv0PBLZcC5Gsh20Y__r7M_fGp8ZPd8A4iGm7aS6Niz7_BoCPvIQAvD_BwE"
"06.04.2021, 14:51:32", "1J0909603", "2003:cc:3f19:2a00:a5:a630:20a2:1292", "GET", "/suche.php", "Mozilla/5.0 (Windows NT 10.0; Win64; x64; rv:87.0) Gecko/20100101 Firefox/87.0", "https://www.gzamotors.de/angebot/pkw/sonstige/airbag-steuergeraet-reparatur?gclid=CjwKCAjwjbCDBhAwEiwAiudBy4NMFEwPygv0PBLZcC5Gsh20Y__r7M_fGp8ZPd8A4iGm7aS6Niz7_BoCPvIQAvD_BwE"
"06.04.2021, 15:47:08", "statusabfrage", "2003:d1:9f1d:b587:64c6:624f:d0df:26f8", "GET", "/suche.php", "Mozilla/5.0 (Windows NT 10.0; Win64; x64) AppleWebKit/537.36 (KHTML, like Gecko) Chrome/89.0.4389.114 Safari/537.36 Edg/89.0.774.68", "https://www.gzamotors.de/anleitung"
"06.04.2021, 15:49:35", "statusabfrage", "2003:d1:9f1d:b587:64c6:624f:d0df:26f8", "GET", "/suche.php", "Mozilla/5.0 (Windows NT 10.0; Win64; x64) AppleWebKit/537.36 (KHTML, like Gecko) Chrome/89.0.4389.114 Safari/537.36 Edg/89.0.774.68", "https://www.gzamotors.de/anleitung"
"06.04.2021, 15:54:30", "status", "2003:d1:9f1d:b587:64c6:624f:d0df:26f8", "GET", "/suche.php", "Mozilla/5.0 (Windows NT 10.0; Win64; x64) AppleWebKit/537.36 (KHTML, like Gecko) Chrome/89.0.4389.114 Safari/537.36 Edg/89.0.774.68", "https://www.gzamotors.de/kontakt"
"07.04.2021, 13:37:57", "Schlüssel neu anlernen", "92.209.61.224", "GET", "/suche.php", "Mozilla/5.0 (Linux; Android 8.1.0; SAMSUNG SM-T580) AppleWebKit/537.36 (KHTML, like Gecko) SamsungBrowser/13.2 Chrome/83.0.4103.106 Safari/537.36", "https://www.gzamotors.de/pkw"
"07.04.2021, 14:04:53", "\'47980", "87.162.246.230", "GET", "/suche.php", "Mozilla/5.0 (Windows NT 6.3; Win64; x64) AppleWebKit/537.36 (KHTML, like Gecko) Chrome/89.0.4389.90 Safari/537.36 OPR/75.0.3969.149", "https://www.gzamotors.de/anleitung"
"07.04.2021, 14:07:42", "47980", "87.162.246.230", "GET", "/suche.php", "Mozilla/5.0 (Windows NT 6.3; Win64; x64) AppleWebKit/537.36 (KHTML, like Gecko) Chrome/89.0.4389.90 Safari/537.36 OPR/75.0.3969.149", "https://www.gzamotors.de/index"
"07.04.2021, 14:07:56", "1J0909603", "2003:cc:3f19:2a00:b86d:5763:219e:e63f", "GET", "/suche.php", "Mozilla/5.0 (Windows NT 10.0; Win64; x64; rv:87.0) Gecko/20100101 Firefox/87.0", "https://www.gzamotors.de/angebot/PKW/VW/abs-esp-dsc-steuergeraet-reparatur"
"07.04.2021, 14:07:59", "status", "87.162.246.230", "GET", "/suche.php", "Mozilla/5.0 (Windows NT 6.3; Win64; x64) AppleWebKit/537.36 (KHTML, like Gecko) Chrome/89.0.4389.90 Safari/537.36 OPR/75.0.3969.149", "https://www.gzamotors.de/anleitung"
"07.04.2021, 15:55:41", "verdeck steuergerät", "2003:f2:1f24:2d14:79c4:1158:d99b:17a1", "GET", "/suche.php", "Mozilla/5.0 (Windows NT 10.0; Win64; x64; rv:87.0) Gecko/20100101 Firefox/87.0", "https://www.gzamotors.de/pkw"
"07.04.2021, 15:56:11", "verdeck steuergerät", "2003:f2:1f24:2d14:79c4:1158:d99b:17a1", "GET", "/suche.php", "Mozilla/5.0 (Windows NT 10.0; Win64; x64; rv:87.0) Gecko/20100101 Firefox/87.0", "https://www.gzamotors.de/pkw"
"08.04.2021, 12:10:49", "Airbagsteuergerät VW Beetle 6Q0909605AM", "18.193.83.137", "GET", "/suche.php", "Mozilla/5.0 (Windows NT 10.0; Win64; x64; rv:87.0) Gecko/20100101 Firefox/87.0 TO-Browser/TOB7.87.0.105_01", "https://www.gzamotors.de/angebot/PKW/VW/abs-esp-dsc-steuergeraet-reparatur"
"09.04.2021, 13:37:19", "A0054463610", "31.16.134.154", "GET", "/suche.php", "Mozilla/5.0 (Windows NT 6.1; Win64; x64) AppleWebKit/537.36 (KHTML, like Gecko) Chrome/89.0.4389.114 Safari/537.36", "https://www.gzamotors.de/angebot/pkw/sonstige/motorsteuergeraet-reparatur"
"09.04.2021, 18:19:09", "wabco", "94.219.249.105", "GET", "/suche.php", "Mozilla/5.0 (X11; Ubuntu; Linux x86_64; rv:87.0) Gecko/20100101 Firefox/87.0", "https://www.gzamotors.de/status"
"13.04.2021, 10:09:18", "78939", "176.95.36.180", "GET", "/index.php", "Mozilla/5.0 (Windows NT 10.0; Win64; x64) AppleWebKit/537.36 (KHTML, like Gecko) Chrome/89.0.4389.114 Safari/537.36", "https://www.gzamotors.de/angebot/PKW/sonstige/abs-esp-dsc-steuergeraet-reparatur"
"13.04.2021, 14:09:25", "76105", "2.203.71.31", "GET", "/index.php", "Mozilla/5.0 (Windows NT 10.0; Win64; x64; rv:87.0) Gecko/20100101 Firefox/87.0", "https://www.gzamotors.de/anleitung"
"13.04.2021, 15:52:55", "statusabfrage", "2a02:810c:c240:20d0:2cad:7ae9:215c:ff11", "GET", "/index.php", "Mozilla/5.0 (Windows NT 10.0; Win64; x64) AppleWebKit/537.36 (KHTML, like Gecko) Chrome/89.0.4389.114 Safari/537.36 Edg/89.0.774.75", "http://www.gzamotors.de/anleitung"
"13.04.2021, 15:54:16", "statusabfrage", "2a02:810c:c240:20d0:2cad:7ae9:215c:ff11", "GET", "/index.php", "Mozilla/5.0 (Windows NT 10.0; Win64; x64) AppleWebKit/537.36 (KHTML, like Gecko) Chrome/89.0.4389.114 Safari/537.36 Edg/89.0.774.75", "http://www.gzamotors.de/anleitung"
"14.04.2021, 14:36:21", "55446", "94.219.250.191", "GET", "/index.php", "Mozilla/5.0 (X11; Ubuntu; Linux x86_64; rv:87.0) Gecko/20100101 Firefox/87.0", "https://www.gzamotors.de/anleitung"
"16.04.2021, 10:10:54", "tatua abfrage", "2003:eb:ff23:8e84:b016:6dd:6364:2ab5", "GET", "/index.php", "Mozilla/5.0 (Windows NT 10.0; Win64; x64; rv:87.0) Gecko/20100101 Firefox/87.0", "https://www.gzamotors.de/impressum"
"16.04.2021, 10:12:20", "2306", "2003:eb:ff23:8e84:b016:6dd:6364:2ab5", "GET", "/index.php", "Mozilla/5.0 (Windows NT 10.0; Win64; x64; rv:87.0) Gecko/20100101 Firefox/87.0", "https://www.gzamotors.de/anleitung"
"16.04.2021, 10:13:44", "reperaturstatus", "2003:eb:ff23:8e84:b016:6dd:6364:2ab5", "GET", "/index.php", "Mozilla/5.0 (Windows NT 10.0; Win64; x64; rv:87.0) Gecko/20100101 Firefox/87.0", "https://www.gzamotors.de/index"
"16.04.2021, 10:14:36", "reperaturstatus", "2003:eb:ff23:8e84:b016:6dd:6364:2ab5", "GET", "/index.php", "Mozilla/5.0 (Windows NT 10.0; Win64; x64; rv:87.0) Gecko/20100101 Firefox/87.0", "https://www.gzamotors.de/index"
"16.04.2021, 10:15:08", "reperaturstatus", "2003:eb:ff23:8e84:b016:6dd:6364:2ab5", "GET", "/index.php", "Mozilla/5.0 (Windows NT 10.0; Win64; x64; rv:87.0) Gecko/20100101 Firefox/87.0", "https://www.gzamotors.de/index"
"16.04.2021, 10:15:21", "reperaturstatus", "2003:eb:ff23:8e84:b016:6dd:6364:2ab5", "GET", "/index.php", "Mozilla/5.0 (Windows NT 10.0; Win64; x64; rv:87.0) Gecko/20100101 Firefox/87.0", "https://www.gzamotors.de/index"
"16.04.2021, 10:20:39", "statusabfrage", "2003:eb:ff23:8e84:b016:6dd:6364:2ab5", "GET", "/index.php", "Mozilla/5.0 (Windows NT 10.0; Win64; x64; rv:87.0) Gecko/20100101 Firefox/87.0", "https://www.gzamotors.de/angebot/PKW/sonstige/abs-esp-dsc-steuergeraet-reparatur"
"16.04.2021, 10:21:12", "reperaturstatus", "2003:eb:ff23:8e84:b016:6dd:6364:2ab5", "GET", "/index.php", "Mozilla/5.0 (Windows NT 10.0; Win64; x64; rv:87.0) Gecko/20100101 Firefox/87.0", "https://www.gzamotors.de/index"
"16.04.2021, 10:21:17", "2306", "2003:eb:ff23:8e84:b016:6dd:6364:2ab5", "GET", "/index.php", "Mozilla/5.0 (Windows NT 10.0; Win64; x64; rv:87.0) Gecko/20100101 Firefox/87.0", "https://www.gzamotors.de/anleitung"
"16.04.2021, 10:21:27", "tatua abfrage", "2003:eb:ff23:8e84:b016:6dd:6364:2ab5", "GET", "/index.php", "Mozilla/5.0 (Windows NT 10.0; Win64; x64; rv:87.0) Gecko/20100101 Firefox/87.0", "https://www.gzamotors.de/impressum"
"19.04.2021, 11:50:40", "auftragsstatus", "213.19.141.58", "GET", "/index.php", "Mozilla/5.0 (Windows NT 10.0; Win64; x64) AppleWebKit/537.36 (KHTML, like Gecko) Chrome/89.0.4389.90 Safari/537.36", "https://www.gzamotors.de/angebot/PKW/sonstige/motorsteuergeraet-reparatur"
"19.04.2021, 11:50:49", "status", "213.19.141.58", "GET", "/index.php", "Mozilla/5.0 (Windows NT 10.0; Win64; x64) AppleWebKit/537.36 (KHTML, like Gecko) Chrome/89.0.4389.90 Safari/537.36", "https://www.gzamotors.de/suchen/stichwort/auftragsstatus"
"22.04.2021, 17:49:55", "Auftrag 21147", "95.116.184.169", "GET", "/index.php", "Mozilla/5.0 (Windows NT 10.0; Win64; x64; rv:88.0) Gecko/20100101 Firefox/88.0", "https://www.gzamotors.de/anleitung"
"22.04.2021, 18:32:20", "57700", "2a02:8070:87a9:2f00:418a:e8a8:17c0:6019", "GET", "/index.php", "Mozilla/5.0 (Windows NT 10.0; Win64; x64) AppleWebKit/537.36 (KHTML, like Gecko) Chrome/90.0.4430.72 Safari/537.36 Edg/90.0.818.42", "https://www.gzamotors.de/anleitung"
"23.04.2021, 08:43:24", "status", "91.208.45.101", "GET", "/index.php", "Mozilla/5.0 (Windows NT 10.0; Win64; x64; rv:78.0) Gecko/20100101 Firefox/78.0", "https://www.gzamotors.de/"
"23.04.2021, 10:18:03", "auftrag", "95.112.139.97", "GET", "/index.php", "Mozilla/5.0 (Windows NT 10.0; Win64; x64; rv:88.0) Gecko/20100101 Firefox/88.0", "https://www.gzamotors.de/anleitung"
"24.04.2021, 11:31:38", "83571", "91.5.59.205", "GET", "/index.php", "Mozilla/5.0 (Windows NT 10.0; Win64; x64) AppleWebKit/537.36 (KHTML, like Gecko) Chrome/90.0.4430.85 Safari/537.36", "https://www.gzamotors.de/anleitung"
"24.04.2021, 11:33:31", "Statusabfrage 83571", "91.5.59.205", "GET", "/index.php", "Mozilla/5.0 (Windows NT 10.0; Win64; x64) AppleWebKit/537.36 (KHTML, like Gecko) Chrome/90.0.4430.85 Safari/537.36", "https://www.gzamotors.de/kontakt_schnell"
"24.04.2021, 13:01:31", "auftragsnummer", "2003:d6:d737:2400:20c4:31fe:39a3:ae7f", "GET", "/index.php", "Mozilla/5.0 (Windows NT 10.0; Win64; x64; rv:88.0) Gecko/20100101 Firefox/88.0", "https://www.gzamotors.de/anleitung"
"24.04.2021, 13:01:57", "25988", "2003:d6:d737:2400:20c4:31fe:39a3:ae7f", "GET", "/index.php", "Mozilla/5.0 (Windows NT 10.0; Win64; x64; rv:88.0) Gecko/20100101 Firefox/88.0", "https://www.gzamotors.de/anleitung"
"24.04.2021, 13:04:09", "auftragsstand", "2003:d6:d737:2400:20c4:31fe:39a3:ae7f", "GET", "/index.php", "Mozilla/5.0 (Windows NT 10.0; Win64; x64; rv:88.0) Gecko/20100101 Firefox/88.0", "https://www.gzamotors.de/anleitung"
"24.04.2021, 13:10:45", "aktueller auftragsstatus", "2003:d6:d737:2400:20c4:31fe:39a3:ae7f", "GET", "/index.php", "Mozilla/5.0 (Windows NT 10.0; Win64; x64; rv:88.0) Gecko/20100101 Firefox/88.0", "https://www.gzamotors.de/"
"24.04.2021, 13:10:57", "aktueller auftragsstatus", "2003:d6:d737:2400:20c4:31fe:39a3:ae7f", "GET", "/index.php", "Mozilla/5.0 (Windows NT 10.0; Win64; x64; rv:88.0) Gecko/20100101 Firefox/88.0", "https://www.gzamotors.de/"
"24.04.2021, 13:11:17", "auftragsstatus", "2003:d6:d737:2400:20c4:31fe:39a3:ae7f", "GET", "/index.php", "Mozilla/5.0 (Windows NT 10.0; Win64; x64; rv:88.0) Gecko/20100101 Firefox/88.0", "https://www.gzamotors.de/anleitung"
"25.04.2021, 23:13:14", "statusabfrage", "2003:eb:ff19:886b:a928:a930:c286:b0f5", "GET", "/index.php", "Mozilla/5.0 (Windows NT 10.0; Win64; x64; rv:88.0) Gecko/20100101 Firefox/88.0", "https://www.gzamotors.de/auftrag"
"25.04.2021, 23:15:30", "status", "2003:eb:ff19:886b:a928:a930:c286:b0f5", "GET", "/index.php", "Mozilla/5.0 (Windows NT 10.0; Win64; x64; rv:88.0) Gecko/20100101 Firefox/88.0", "https://www.gzamotors.de/anleitung"
"25.04.2021, 23:16:07", "status", "2003:eb:ff19:886b:a928:a930:c286:b0f5", "GET", "/index.php", "Mozilla/5.0 (Windows NT 10.0; Win64; x64; rv:88.0) Gecko/20100101 Firefox/88.0", "https://www.gzamotors.de/anleitung"
"26.04.2021, 11:48:53", "2799", "84.186.212.42", "GET", "/index.php", "Mozilla/5.0 (Windows NT 10.0; Win64; x64; rv:88.0) Gecko/20100101 Firefox/88.0", "https://www.gzamotors.de/angebot/pkw/sonstige/wegfahrsperre-deaktivieren-entsperren"
"03.05.2021, 13:03:01", "Reparaturstatus", "188.98.246.55", "GET", "/index.php", "Mozilla/5.0 (Windows NT 10.0; Win64; x64) AppleWebKit/537.36 (KHTML, like Gecko) Chrome/90.0.4430.93 Safari/537.36 Edg/90.0.818.51", "https://www.gzamotors.de/anleitung"
"03.05.2021, 18:49:11", "a2045453932", "92.211.218.175", "GET", "/index.php", "Mozilla/5.0 (Windows NT 10.0; Win64; x64; rv:88.0) Gecko/20100101 Firefox/88.0", "https://www.gzamotors.de/angebot/PKW/sonstige/abs-esp-dsc-steuergeraet-reparatur"
"04.05.2021, 15:36:42", "51847326", "80.151.201.143", "GET", "/index.php", "Mozilla/5.0 (Windows NT 10.0; Win64; x64) AppleWebKit/537.36 (KHTML, like Gecko) Chrome/90.0.4430.93 Safari/537.36", "https://www.gzamotors.de/angebot/PKW/Fiat/motorsteuergeraet-reparatur"
"05.05.2021, 19:25:41", "Vorgangs-Nr.. 95412", "2.204.190.11", "GET", "/index.php", "Mozilla/5.0 (Windows NT 10.0; Win64; x64) AppleWebKit/537.36 (KHTML, like Gecko) Chrome/90.0.4430.93 Safari/537.36 Edg/90.0.818.51", "https://www.gzamotors.de/anleitung"
"06.05.2021, 09:40:11", "toyota supra bj 1994", "88.133.121.33", "GET", "/index.php", "Mozilla/5.0 (Windows NT 10.0; Win64; x64) AppleWebKit/537.36 (KHTML, like Gecko) Chrome/90.0.4430.93 Safari/537.36 Edg/90.0.818.51", "https://www.gzamotors.de/"
"06.05.2021, 10:04:46", "XR852050", "2003:c2:9f0d:c101:2d7d:8367:2683:8841", "GET", "/index.php", "Mozilla/5.0 (Windows NT 10.0; Win64; x64) AppleWebKit/537.36 (KHTML, like Gecko) Chrome/90.0.4430.93 Safari/537.36 Edg/90.0.818.51", "https://www.gzamotors.de/produkte/PKW/Jaguar"
"06.05.2021, 11:06:47", "476608933R", "95.112.71.106", "GET", "/index.php", "Mozilla/5.0 (Windows NT 10.0; Win64; x64; rv:88.0) Gecko/20100101 Firefox/88.0", "https://www.gzamotors.de/angebot/pkw/sonstige/abs-esp-dsc-steuergeraet-reparatur?gclid=Cj0KCQjwp86EBhD7ARIsAFkgakjMG7iA6cyTcz1EpFAfqV77Ci3VLUeqYYyaKGmjBBLwZN4zUwDrkKYaAqCNEALw_wcB"
"06.05.2021, 11:07:44", "476608933R", "95.112.71.106", "GET", "/index.php", "Mozilla/5.0 (Windows NT 10.0; Win64; x64; rv:88.0) Gecko/20100101 Firefox/88.0", "https://www.gzamotors.de/angebot/pkw/sonstige/abs-esp-dsc-steuergeraet-reparatur?gclid=Cj0KCQjwp86EBhD7ARIsAFkgakjMG7iA6cyTcz1EpFAfqV77Ci3VLUeqYYyaKGmjBBLwZN4zUwDrkKYaAqCNEALw_wcB"
"06.05.2021, 12:13:00", "ESP ", "2003:cb:2705:c300:dc39:a3f0:8d4b:c3d3", "GET", "/index.php", "Mozilla/5.0 (Windows NT 6.1; Win64; x64; rv:88.0) Gecko/20100101 Firefox/88.0", "https://www.gzamotors.de/angebot/pkw/Opel/motorsteuergeraet-reparatur"
"06.05.2021, 18:42:20", "status", "91.208.45.101", "GET", "/index.php", "Mozilla/5.0 (Windows NT 10.0; Win64; x64; rv:78.0) Gecko/20100101 Firefox/78.0", "https://www.gzamotors.de/anleitung"
"10.05.2021, 14:10:39", "Bewertungen", "2003:da:4712:7e00:e8bb:41c5:d7f5:9340", "GET", "/index.php", "Mozilla/5.0 (Windows NT 6.1; rv:85.0) Gecko/20100101 Firefox/85.0", "https://www.gzamotors.de/blog"
"10.05.2021, 14:12:40", "Bewertungen", "2003:da:4712:7e00:e8bb:41c5:d7f5:9340", "GET", "/index.php", "Mozilla/5.0 (Windows NT 6.1; rv:85.0) Gecko/20100101 Firefox/85.0", "https://www.gzamotors.de/blog"
"10.05.2021, 14:15:55", "Bewertungen", "2003:da:4712:7e00:e8bb:41c5:d7f5:9340", "GET", "/index.php", "Mozilla/5.0 (Windows NT 6.1; rv:85.0) Gecko/20100101 Firefox/85.0", "https://www.gzamotors.de/blog"
"11.05.2021, 12:22:47", "gasanlagensteuergerät", "2003:cc:df01:b900:5113:ee52:fce9:4a4c", "GET", "/index.php", "Mozilla/5.0 (Windows NT 6.3; Win64; x64; rv:88.0) Gecko/20100101 Firefox/88.0", "https://www.gzamotors.de/"
"12.05.2021, 09:31:43", "96461812601", "84.133.190.141", "GET", "/index.php", "Mozilla/5.0 (Macintosh; Intel Mac OS X 10_15_7) AppleWebKit/605.1.15 (KHTML, like Gecko) Version/14.0.2 Safari/605.1.15", "https://www.gzamotors.de/angebot/PKW/Porsche/abs-esp-dsc-steuergeraet-reparatur"
"18.05.2021, 15:36:14", "Anh", "2001:16b8:32e1:9600:75cb:4a2:9437:9377", "GET", "/index.php", "Mozilla/5.0 (Linux; Android 10; SAMSUNG SM-T590) AppleWebKit/537.36 (KHTML, like Gecko) SamsungBrowser/14.0 Chrome/87.0.4280.141 Safari/537.36", "https://www.gzamotors.de/produkte/PKW/Seat"
"19.05.2021, 10:13:30", "Ansprechpartner", "80.151.209.234", "GET", "/index.php", "Mozilla/5.0 (Windows NT 10.0; Win64; x64) AppleWebKit/537.36 (KHTML, like Gecko) Chrome/90.0.4430.212 Safari/537.36", "https://www.gzamotors.de/kontakt"
"19.05.2021, 10:35:15", "Stellenangebote", "2003:df:8f29:1fb9:acda:132e:7c63:665b", "GET", "/index.php", "Mozilla/5.0 (Windows NT 10.0; Win64; x64) AppleWebKit/537.36 (KHTML, like Gecko) Chrome/90.0.4430.212 Safari/537.36", "https://www.gzamotors.de/"
"19.05.2021, 14:11:50", "Fensterheber steuergerät", "2.243.68.177", "GET", "/index.php", "Mozilla/5.0 (Macintosh; Intel Mac OS X 10_15_7) AppleWebKit/605.1.15 (KHTML, like Gecko) Version/14.1 Safari/605.1.15", "https://www.gzamotors.de/angebot/PKW/sonstige/abs-esp-dsc-steuergeraet-reparatur"
"19.05.2021, 19:14:03", "a2721535479", "2003:e9:3f1b:fb00:e426:7df0:bcf3:82ef", "GET", "/index.php", "Mozilla/5.0 (Windows NT 10.0; WOW64; Trident/7.0; rv:11.0) like Gecko", "https://www.gzamotors.de/index"
"21.05.2021, 17:43:31", "filiale berlin", "2a02:2454:459:2a00:6d9f:36:d7c:62ba", "GET", "/index.php", "Mozilla/5.0 (Windows NT 10.0; Win64; x64) AppleWebKit/537.36 (KHTML, like Gecko) Chrome/90.0.4430.212 Safari/537.36 Edg/90.0.818.62", "https://www.gzamotors.de/angebot/PKW/sonstige/motorsteuergeraet-reparatur"
"25.05.2021, 17:41:15", "statusabfrage", "2003:c4:cf13:f65b:2498:9aeb:945c:6c68", "GET", "/index.php", "Mozilla/5.0 (Windows NT 10.0; Win64; x64; rv:88.0) Gecko/20100101 Firefox/88.0", "https://www.gzamotors.de/impressum"
"25.05.2021, 17:43:20", "statusabfrage", "2003:c4:cf13:f65b:2498:9aeb:945c:6c68", "GET", "/index.php", "Mozilla/5.0 (Windows NT 10.0; Win64; x64; rv:88.0) Gecko/20100101 Firefox/88.0", "https://www.gzamotors.de/impressum"
"26.05.2021, 15:35:37", "karriere", "2.203.87.200", "GET", "/index.php", "Mozilla/5.0 (Windows NT 10.0; Win64; x64) AppleWebKit/537.36 (KHTML, like Gecko) Chrome/90.0.4430.212 Safari/537.36 Edg/90.0.818.66", "https://www.gzamotors.de/"
"26.05.2021, 15:35:51", "stellenangebote", "2.203.87.200", "GET", "/index.php", "Mozilla/5.0 (Windows NT 10.0; Win64; x64) AppleWebKit/537.36 (KHTML, like Gecko) Chrome/90.0.4430.212 Safari/537.36 Edg/90.0.818.66", "https://www.gzamotors.de/suchen/stichwort/karriere"
"26.05.2021, 15:36:01", "jobs", "2.203.87.200", "GET", "/index.php", "Mozilla/5.0 (Windows NT 10.0; Win64; x64) AppleWebKit/537.36 (KHTML, like Gecko) Chrome/90.0.4430.212 Safari/537.36 Edg/90.0.818.66", "https://www.gzamotors.de/suchen/stichwort/stellenangebote"
"27.05.2021, 21:05:11", "A2045453932", "85.16.38.138", "GET", "/index.php", "Mozilla/5.0 (Windows NT 10.0; Win64; x64) AppleWebKit/537.36 (KHTML, like Gecko) Chrome/90.0.4430.212 Safari/537.36 Edg/90.0.818.66", "https://www.gzamotors.de/"
"28.05.2021, 15:22:45", "status", "2003:c1:ff05:2a00:548f:4fdf:b4a1:4962", "GET", "/index.php", "Mozilla/5.0 (Windows NT 10.0; Win64; x64; rv:88.0) Gecko/20100101 Firefox/88.0", "https://www.gzamotors.de/"
"31.05.2021, 07:11:21", "A2045453932", "85.16.37.87", "GET", "/index.php", "Mozilla/5.0 (Windows NT 10.0; Win64; x64) AppleWebKit/537.36 (KHTML, like Gecko) Chrome/90.0.4430.212 Safari/537.36 Edg/90.0.818.66", "https://www.gzamotors.de/pkw"
"31.05.2021, 07:27:03", "A2045453932", "85.16.37.87", "GET", "/index.php", "Mozilla/5.0 (Windows NT 10.0; Win64; x64) AppleWebKit/537.36 (KHTML, like Gecko) Chrome/90.0.4430.212 Safari/537.36 Edg/90.0.818.66", "https://www.gzamotors.de/suchen/stichwort/A2045453932"
"03.06.2021, 08:05:18", "Bankverbindung", "84.61.64.16", "GET", "/index.php", "Mozilla/5.0 (Windows NT 10.0; rv:88.0) Gecko/20100101 Firefox/88.0", "https://www.gzamotors.de/"
"03.06.2021, 14:59:38", "etoro", "212.179.161.98", "GET", "/index.php", "Mozilla/5.0 (Windows NT 10.0; Win64; x64) AppleWebKit/537.36 (KHTML, like Gecko) Chrome/90.0.4430.212 Safari/537.36", "https://www.gzamotors.de/"
"07.06.2021, 12:27:13", "abhilfe beianzeige esp", "2003:fb:bf03:9d00:c55b:a250:7ae5:d3dc", "GET", "/index.php", "Mozilla/5.0 (Windows NT 10.0; Win64; x64) AppleWebKit/537.36 (KHTML, like Gecko) Chrome/90.0.4430.212 Safari/537.36", "https://www.gzamotors.de/anleitung"
"07.06.2021, 12:33:45", "abhilfe beianzeige esp", "2003:fb:bf03:9d00:c55b:a250:7ae5:d3dc", "GET", "/index.php", "Mozilla/5.0 (Windows NT 10.0; Win64; x64) AppleWebKit/537.36 (KHTML, like Gecko) Chrome/90.0.4430.212 Safari/537.36", "https://www.gzamotors.de/anleitung"
"07.06.2021, 21:28:30", "0001419225", "2001:16b8:38a2:4e00:8544:f3e8:4e52:f6a0", "GET", "/index.php", "Mozilla/5.0 (Windows NT 10.0; Win64; x64) AppleWebKit/537.36 (KHTML, like Gecko) Chrome/91.0.4472.77 Safari/537.36 Edg/91.0.864.41", "https://www.gzamotors.de/angebot/PKW/Mercedes-Benz/drosselklappen-reparatur"
"09.06.2021, 12:43:45", "asr steuergerät", "2003:cf:2f22:a000:f080:a6db:f3e3:b633", "GET", "/index.php", "Mozilla/5.0 (Windows NT 6.1; Win64; x64; rv:89.0) Gecko/20100101 Firefox/89.0", "https://www.gzamotors.de/pkw"
"09.06.2021, 12:44:13", "asr steuergerät", "2003:cf:2f22:a000:f080:a6db:f3e3:b633", "GET", "/index.php", "Mozilla/5.0 (Windows NT 6.1; Win64; x64; rv:89.0) Gecko/20100101 Firefox/89.0", "https://www.gzamotors.de/pkw"
"09.06.2021, 12:44:38", "asr steuergerät", "2003:cf:2f22:a000:f080:a6db:f3e3:b633", "GET", "/index.php", "Mozilla/5.0 (Windows NT 6.1; Win64; x64; rv:89.0) Gecko/20100101 Firefox/89.0", "https://www.gzamotors.de/pkw"
"10.06.2021, 13:52:16", "8D0959655J", "194.39.218.10", "GET", "/index.php", "Mozilla/5.0 (Windows NT 10.0; Win64; x64; rv:78.0) Gecko/20100101 Firefox/78.0", "https://www.gzamotors.de/angebot/pkw/Audi/airbag-Steuergeraet-reparatur"
"10.06.2021, 15:47:34", "motorsteuergerät", "2003:a:532:100:c15:c206:3c32:a8eb", "GET", "/index.php", "Mozilla/5.0 (Windows NT 10.0; Win64; x64; rv:89.0) Gecko/20100101 Firefox/89.0", "https://www.gzamotors.de/status"
"11.06.2021, 15:27:16", "9658158480", "2003:fd:3f05:1b00:7c74:4b86:3691:a9d9", "GET", "/index.php", "Mozilla/5.0 (Windows NT 10.0; Win64; x64) AppleWebKit/537.36 (KHTML, like Gecko) Chrome/91.0.4472.77 Safari/537.36", "https://www.gzamotors.de/anleitung"
"12.06.2021, 09:58:50", "außenborder ", "217.110.132.6", "GET", "/index.php", "Mozilla/5.0 (Windows NT 10.0; Win64; x64) AppleWebKit/537.36 (KHTML, like Gecko) Chrome/90.0.4430.85 Safari/537.36", "https://www.gzamotors.de/schiff"
"12.06.2021, 09:59:50", "außenborder motorboot", "217.110.132.6", "GET", "/index.php", "Mozilla/5.0 (Windows NT 10.0; Win64; x64) AppleWebKit/537.36 (KHTML, like Gecko) Chrome/90.0.4430.85 Safari/537.36", "https://www.gzamotors.de/produkte/Schiff/Suzuki"
"14.06.2021, 11:36:48", "0265960025", "88.67.204.209", "GET", "/index.php", "Mozilla/5.0 (Windows NT 10.0; Win64; x64; rv:89.0) Gecko/20100101 Firefox/89.0", "https://www.gzamotors.de/pkw"
"14.06.2021, 12:55:00", "geschäfgtsleitung", "84.184.248.185", "GET", "/index.php", "Mozilla/5.0 (Windows NT 10.0; Win64; x64; rv:89.0) Gecko/20100101 Firefox/89.0", "https://www.gzamotors.de/status"
"16.06.2021, 08:04:42", "68414", "91.248.58.133", "GET", "/index.php", "Mozilla/5.0 (Macintosh; Intel Mac OS X 10_15_6) AppleWebKit/605.1.15 (KHTML, like Gecko) Version/14.1.1 Safari/605.1.15", "https://www.gzamotors.de/kontakt_schnell"
"16.06.2021, 09:53:18", "statusabfrage", "2003:c4:5f3d:fd00:58a1:b73:488b:c539", "GET", "/index.php", "Mozilla/5.0 (Windows NT 10.0; Win64; x64; rv:89.0) Gecko/20100101 Firefox/89.0", "https://www.gzamotors.de/anleitung"
"18.06.2021, 17:31:29", "23827", "2003:cc:d733:74c6:89a:bd67:c41a:7974", "GET", "/index.php", "Mozilla/5.0 (Windows NT 10.0; Win64; x64; rv:89.0) Gecko/20100101 Firefox/89.0", "https://www.gzamotors.de/"
"19.06.2021, 04:50:10", "Mercury ", "2a03:7846:eb48:101:86e:ee77:44fa:6808", "GET", "/index.php", "Mozilla/5.0 (iPad; CPU OS 14_6 like Mac OS X) AppleWebKit/605.1.15 (KHTML, like Gecko) CriOS/91.0.4472.80 Mobile/15E148 Safari/604.1", "https://www.gzamotors.de/angebot/schiff/sonstige/motorsteuergeraet-reparatur"
"19.06.2021, 04:50:42", "Mercury ", "2a03:7846:eb48:101:86e:ee77:44fa:6808", "GET", "/index.php", "Mozilla/5.0 (iPad; CPU OS 14_6 like Mac OS X) AppleWebKit/605.1.15 (KHTML, like Gecko) CriOS/91.0.4472.80 Mobile/15E148 Safari/604.1", "https://www.gzamotors.de/angebot/schiff/sonstige/motorsteuergeraet-reparatur"
"19.06.2021, 04:50:58", "Mercury ", "2a03:7846:eb48:101:86e:ee77:44fa:6808", "GET", "/index.php", "Mozilla/5.0 (iPad; CPU OS 14_6 like Mac OS X) AppleWebKit/605.1.15 (KHTML, like Gecko) CriOS/91.0.4472.80 Mobile/15E148 Safari/604.1", "https://www.gzamotors.de/angebot/schiff/sonstige/motorsteuergeraet-reparatur"
"19.06.2021, 08:20:14", "bmw grundmodul", "2003:c6:9f43:bd6f:fd6f:e46f:f9b:c320", "GET", "/index.php", "Mozilla/5.0 (Windows NT 10.0; Win64; x64; rv:89.0) Gecko/20100101 Firefox/89.0", "https://www.gzamotors.de/pkw"
"21.06.2021, 09:03:25", "bmw grundmodul", "2003:c6:9f43:bd9a:84b7:4d12:4319:ccee", "GET", "/index.php", "Mozilla/5.0 (Windows NT 10.0; Win64; x64; rv:89.0) Gecko/20100101 Firefox/89.0", "https://www.gzamotors.de/pkw"
"21.06.2021, 11:19:27", "4461302200", "85.16.117.74", "GET", "/index.php", "Mozilla/5.0 (Windows NT 6.1; Win64; x64; rv:89.0) Gecko/20100101 Firefox/89.0", "https://www.gzamotors.de/angebot/PKW/Mercedes-Benz/abs-esp-dsc-steuergeraet-reparatur"
"23.06.2021, 12:26:04", "#74341", "85.16.154.188", "GET", "/index.php", "Mozilla/5.0 (Windows NT 10.0; Win64; x64; rv:89.0) Gecko/20100101 Firefox/89.0", "https://www.gzamotors.de/angebot/PKW/sonstige/motorsteuergeraet-reparatur"
"23.06.2021, 12:28:49", "online abfrage", "85.16.154.188", "GET", "/index.php", "Mozilla/5.0 (Windows NT 10.0; Win64; x64; rv:89.0) Gecko/20100101 Firefox/89.0", "https://www.gzamotors.de/angebot/PKW/sonstige/motorsteuergeraet-reparatur"
